sno,h,sub_h,link
1,AP youth dies in London accident,,https://timesofindia.indiatimes.com/city/vijayawada/ap-youth-dies-in-london-accident/articleshow/102221900.cms
2,Six die in Road accident near Srikalahasti,At least six persons died and one sustained injuries in a ghastly Road accident reported near Srikalahasti in the district on Sunday.,https://timesofindia.indiatimes.com/city/vijayawada/six-die-in-road-accident-near-srikalahasti/articleshow/101625559.cms
3,"Two killed, one injured as car hits two bikes in Visakhapatnam",Two people were killed and another was injured after a speeding car hit them on the Telugu Thalli flyover in Vizag on Saturday night.,https://timesofindia.indiatimes.com/city/visakhapatnam/two-killed-one-injured-as-car-hits-two-bikes-in-visakhapatnam/articleshow/101435776.cms
4,Three tribals die in Road accident,Three tribals were killed when the SUV in which they were travelling broke down at Matam Bhimavaram in Alluri Sitharama Raju district on Friday.,https://timesofindia.indiatimes.com/city/vijayawada/three-tribals-die-in-road-accident/articleshow/101060584.cms
5,Road accident claims two lives,,https://timesofindia.indiatimes.com/city/visakhapatnam/road-accident-claims-two-lives/articleshow/101230717.cms
6,"Seven killed, 18 injured as bus plunges into irrigation canal",,https://timesofindia.indiatimes.com/city/vijayawada/seven-killed-18-injured-as-bus-plunges-into-irrigation-canal/articleshow/101683109.cms
7,"6 killed, 2 injured as car rams into lorry in Andhra Pradesh's East Godavari",As many as six people were killed after the car ferrying them rammed into a parked lorry in East Godavari district of Andhra Pradesh on Monday morning.,https://timesofindia.indiatimes.com/city/vijayawada/6-killed-2-injured-as-car-rams-into-lorry-in-andhra-pradeshs-east-godavari/articleshow/100927421.cms
8,5 killed in Road accident in Konaseema,,https://timesofindia.indiatimes.com/city/vijayawada/5-killed-in-road-accident-in-konaseema/articleshow/101077407.cms
9,2 youngsters killed in Ongole Road accident,,https://timesofindia.indiatimes.com/city/vijayawada/2-youngsters-killed-in-ongole-road-accident/articleshow/101057549.cms
10,"One dies, 4 injured in accident",,https://timesofindia.indiatimes.com/city/vijayawada/one-dies-4-injured-in-accident/articleshow/101323921.cms
11,"Man, wife die in Road accident",,https://timesofindia.indiatimes.com/city/visakhapatnam/man-wife-die-in-road-accident/articleshow/100780533.cms
12,Three tribals killed in Road accident in Andhra Pradesh,,https://timesofindia.indiatimes.com/city/vijayawada/three-tribals-killed-in-road-accident-in-andhra-pradesh/articleshow/101050046.cms
13,Road condition does not influence accidents: Study,,https://timesofindia.indiatimes.com/city/visakhapatnam/road-condition-does-not-influence-accidents-study/articleshow/101077318.cms
14,5-year-old boy killed in ghat Road accident,"A five-year-old boy, S Vishal Teja of Gokiri village in Koyyuru mandal, was killed and six others were injured when an auto-rickshaw in which they were travelling plunged into the valley at Teppala Mamidi in Alluri district on Wednesday.",https://timesofindia.indiatimes.com/city/visakhapatnam/5-year-old-boy-killed-in-ghat-road-accident/articleshow/101006297.cms
15,"Andhra Pradesh: 5-year-old killed, five others injured in ghat Road accident","A 5-year-old boy S Vishal Teja of Gokiri village in Koyyuru mandal was killed and several others were seriously injured when an auto-rickshaw, in which they were traveling, plunged into the valley at Teppala Mamidi in Chintapalli mandal in Alluri district on Wednesday.",https://timesofindia.indiatimes.com/city/visakhapatnam/andhra-pradesh-5-year-old-killed-five-others-injured-in-ghat-road-accident/articleshow/100999332.cms
16,Two injured in accident die,,https://timesofindia.indiatimes.com/city/visakhapatnam/two-injured-in-accident-die/articleshow/100925596.cms
17,"Four dead, 8 injured in Pulicherla Road accident",Four persons were killed and eight others sustained injuries in a Road accident reported at Pulicherla mandal in Chittoor district on Saturday morning.,https://timesofindia.indiatimes.com/city/vijayawada/four-dead-8-injured-in-pulicherla-road-accident/articleshow/100738223.cms
18,5 from Nandyal killed in K'taka Road accident,"Five people, hailing from Nandyal district in Andhra Pradesh, were killed in a Road accident in Karnataka on Tuesday.",https://timesofindia.indiatimes.com/city/vijayawada/5-from-nandyal-killed-in-ktaka-road-accident/articleshow/100805615.cms
19,IB officer in hospital after NH accident,,https://timesofindia.indiatimes.com/city/vijayawada/ib-officer-in-hospital-after-nh-accident/articleshow/100541501.cms
20,Techie dies in Road accident,,https://timesofindia.indiatimes.com/city/visakhapatnam/techie-dies-in-road-accident/articleshow/99480196.cms
21,One killed in Road accident,,https://timesofindia.indiatimes.com/city/vijayawada/one-killed-in-road-accident/articleshow/99393951.cms
22,"Mother, son die in Road accident",,https://timesofindia.indiatimes.com/city/vijayawada/mother-son-die-in-road-accident/articleshow/99600080.cms
23,Youth killed in Road accident,,https://timesofindia.indiatimes.com/city/visakhapatnam/youth-killed-in-road-accident/articleshow/99199124.cms
24,Road accident near Paderu kills 3,,https://timesofindia.indiatimes.com/city/visakhapatnam/road-accident-near-paderu-kills-3/articleshow/99830760.cms
25,5 women workers killed in Road accident in Andhra Pradesh’s Kakinada district,Five women workers were killed after an auto-rickshaw carrying them collided with a bus in Andhra Pradesh’s Kakinada district on Sunday.,https://timesofindia.indiatimes.com/city/vijayawada/5-women-workers-killed-in-road-accident-in-andhra-pradeshs-kakinada-district/articleshow/100228622.cms
26,"Man found dead, family cries foul",,https://timesofindia.indiatimes.com/city/visakhapatnam/man-found-dead-family-cries-foul/articleshow/99973967.cms
27,"Driver, helper die in Road accident",,https://timesofindia.indiatimes.com/city/vijayawada/driver-helper-die-in-road-accident/articleshow/98956516.cms
28,3 pilgrims die in Road accident,Three devotees who were on their way to Tirumala for darshan of Lord Venkateswara were killed in a road mishap near Dharmapuri village in Nagari mandal of Chittoor district on Sunday.,https://timesofindia.indiatimes.com/city/visakhapatnam/3-pilgrims-die-in-road-accident/articleshow/98599842.cms
29,"Youth found dead, kin cry foul",,https://timesofindia.indiatimes.com/city/visakhapatnam/youth-found-dead-kin-cry-foul/articleshow/99228008.cms
30,5 of a family killed in lorry-autorickshaw collision in Andhra Pradesh's Parvathipuram,"Five members of a family, including four women, died while six others suffered injuries when the autorickshaw they were travelling in was hit by a speeding lorry on the inter-state highway in Komarada in Parvathipuram district on Wednesday. The lorry driver fled from the spot after the accident.",https://timesofindia.indiatimes.com/city/visakhapatnam/5-of-a-family-killed-in-lorry-autorickshaw-collision-in-andhra-pradeshs-parvathipuram/articleshow/98159236.cms
31,Trader killed in Road accident in Andhra Pradesh,"A 45-year-old trader was killed in a Road accident after his bike was hit by a bus near Venkannapalem in Chodavaram mandal in Anakapalle district. The deceased was identified as A Venkata Ramana, who was the owner of a hardware shop located at Sabbavaram town. Police said the incident took place when Ramana was returning to Sabbavaram from Chodavaram. A case has been registered and the body was shifted for post-mortem. Investigation is on. TNN",https://timesofindia.indiatimes.com/city/visakhapatnam/trader-killed-in-road-accident/articleshow/98378079.cms
32,Youth killed as tractor hits bike in Andhra Pradesh,A 22-year-old mason was killed in a Road accident after his bike was hit by a tractor near Kaspa street at Palakonda in Parvathipuram Manyam district.,https://timesofindia.indiatimes.com/city/visakhapatnam/youth-killed-as-tractor-hits-bike/articleshow/98790897.cms
33,15-year-old dies in Road accident in Anakapalle,"A 15-year-old-boy was killed in a Road accident near Geddapalem locality under S Rayavaram Mandal in Anakapalle district. The deceased was identified as Y Sairam, a native of Elamanchili. Police suspect that the boy died after being hit by an unidentified vehicle. A case has been registered and the body has been sent for postmortem.",https://timesofindia.indiatimes.com/city/visakhapatnam/15-year-old-dies-in-road-accident-in-anakapalle/articleshow/98531028.cms
34,2 die in Road accident in Andhra Pradesh's Palnadu,"Two persons died after a lorry rammed into their car near Ramakrishnapuram in Sattenaplli of Palnadu district. The deceased were identified as N Rajyamma (53) and her nephew Nagineni Suresh (35), a pastor",https://timesofindia.indiatimes.com/city/vijayawada/2-die-in-road-accident/articleshow/98422102.cms
35,Two workers die in Road accident in Krishna,A Bolero car with labourers overturned on the national highway at Veleru in Bapulapadu mandal of Krishna district.,https://timesofindia.indiatimes.com/city/vijayawada/two-workers-die-in-road-accident/articleshow/98032412.cms
36,Youth dies in Road accident,"A 24-year-old man was killed in a Road accident near Narapam village in Kothavalasa mandal in Vizianagaram district. The deceased was identified as Kj Sai, a native of Deverapalle in Anakapalle district. Police said the accident took place when Sai was returning from Vizag City to his home town on a bike. A case has been registered.",https://timesofindia.indiatimes.com/city/visakhapatnam/youth-dies-in-road-accident/articleshow/96842548.cms
37,Five persons killed in separate Road accidents,,https://timesofindia.indiatimes.com/city/visakhapatnam/five-persons-killed-in-separate-road-accidents/articleshow/97813620.cms
38,Two killed in lorry-bus collision in Anakapalle,Two persons were killed and over 20 people were injured in a Road accident when an RTC bus in which they were travelling was hit by a lorry near Dharmavaram under S Rayavaram mandal of Anakapalle district on Friday.,https://timesofindia.indiatimes.com/city/visakhapatnam/two-killed-in-lorry-bus-collision/articleshow/98223118.cms
39,Five killed in two Road accidents in Andhra Pradesh,"Five people — including three youngsters — were killed in two separate Road accidents that took place during the intervening night of Thursday and Friday, in Vizag city and Anakapalle district in Andhra Pradesh.",https://timesofindia.indiatimes.com/city/visakhapatnam/five-killed-in-two-road-accidents-in-andhra-pradesh/articleshow/97806256.cms
40,Four persons killed in two separate Road accidents in Andhra Pradesh,Four people were killed in two separate Road accidents in north AP.,https://timesofindia.indiatimes.com/city/visakhapatnam/four-persons-killed-in-two-separate-road-accidents/articleshow/97673809.cms
41,Sub-collector hurt in accident,"A subcollector from a division in Vijayawada was in a car accident on Saturday morning. He and two others were injured, and were taken to Ongole Government Hospital. The accident happened when a lorry coming from Cheemakurthy and going towards Podili collided with the subcollector's car at Uppalapadu Village. His assistant Mehboob Basha and driver Jani Basha also sustained minor injuries in the accident. The subcollector's car was registered a case and an investigation is underway.",https://timesofindia.indiatimes.com/city/vijayawada/sub-collector-hurt-in-accident/articleshow/97410265.cms
42,"Two kids die, 4 injured as speeding lorry rams car","A family of 10 was traveling to a wedding in a car when they were hit by a speeding lorry. The two children who died in the accident were 11-year-old Lingala Harish and 3-year-old Jaswitha. Four other people were injured, two of whom are in an ICU. The driver of the lorry has fled the scene and police are searching for him.",https://timesofindia.indiatimes.com/city/vijayawada/two-kids-die-4-injured-as-speeding-lorry-rams-car/articleshow/97389790.cms
43,Road accident deaths up in Vizag this year,"In 2022, the city of Vizag had 1327 Road accidents, compared to 1463 in 2021. The main reason for the increase in accidents in Vizag was that more people were on the roads. However, the city police department made efforts to mitigate the accidents, such as using speed laser guns and checking for drunk driving. In total, 333 people died in s in 2022, compared to 329 in 2021. The police also filed 8893 drunken driving cases in 2022, and of these 183 motorists were sent to jail. Over 1400 motorists were asked to campaign against drunken driving at important junctions for three days. The majority of the victims in road mishaps were two-wheeled riders, who were flouting traffic norms and engaging in accidents. The city police department is working to decrease the number of s by 10% in 2023.",https://timesofindia.indiatimes.com/city/visakhapatnam/road-accident-deaths-up-in-vizag-this-year/articleshow/96635138.cms
44,Two killed in two accidents,"A 24-year-old man was killed after his bike was hit by a goods carrier, and a 50-year-old man died on the spot after he lost control over his bike and it hit a roadside tree.",https://timesofindia.indiatimes.com/city/visakhapatnam/two-killed-in-two-accidents/articleshow/97238905.cms
45,4 killed as van hits trolley in Andhra Pradesh's Kakinada,"Four people, including a woman, were killed after a van ferrying 12 people hit a trolley in Kakinada district on Wednesday.",https://timesofindia.indiatimes.com/city/vijayawada/4-killed-as-van-hits-trolley-in-andhra-pradeshs-kakinada/articleshow/95548029.cms
46,8 killed in Road accident in Andhra Pradesh,Eight people were killed and two others were severely injured in a tragic Road accident in Alluri Sitharama Raju district on Tuesday.,https://timesofindia.indiatimes.com/city/vijayawada/six-killed-in-road-accident-in-andhra-pradesh/articleshow/95688717.cms
47,2 killed in separate Road accidents in Vizag,"Two persons were killed, and two suffered injuries in two separate Road accidents in Vizag region.",https://timesofindia.indiatimes.com/city/visakhapatnam/2-killed-in-separate-road-accidents/articleshow/95615423.cms
48,2 of family die in Road accident,"A family from Hyderabad’s Miyapur met with an accident near Kanipakam temple in Chittoor district on Wednesday. Two women of the family died on the spot, while three others, including an eight-year-old boy, were grievously injured.",https://timesofindia.indiatimes.com/city/vijayawada/2-of-family-die-in-road-accident/articleshow/94976524.cms
49,"Six killed, 20 injured in Road accident in Andhra Pradesh's Chittoor",Six people of a marriage party were killed and 20 others received injuries in a Road accident near Puthalapattu in Chittoor district late on Wednesday night.,https://timesofindia.indiatimes.com/city/visakhapatnam/six-killed-20-injured-in-road-accident-in-andhra-pradeshs-chittoor/articleshow/96100263.cms
50,Andhra Pradesh: Lack of reflectors on vehicles key reason for Road accidents in winter,"Lack of reflectors and tail-lights on vehicles, especially goods carriers and slow-moving vehicles, on NH-16 stretch has added to the woes of commuters during the winter season in north Andhra Pradesh region.",https://timesofindia.indiatimes.com/city/visakhapatnam/lack-of-reflectors-on-vehicles-key-reason-for-road-accidents-in-winter/articleshow/95797292.cms
51,Andhra Pradesh: Two labourers killed in Road accident in Nellore,Two persons died and more than 10 persons were injured after a lorry hit the mini truck they were travelling in at Kavali of Nellore. The accident occurred when a group of 18 construction workers were returning home from Nellore.,https://timesofindia.indiatimes.com/city/vijayawada/two-labourers-killed-in-road-accident/articleshow/95569113.cms
52,Andhra Pradesh: Two youngsters killed in separate Road accidents,"Two persons were killed in two separate Road accidents in the region. In the first incident, a 33-year-old woman died after a speeding bike hit her near Palavalasa under Sompeta mandal of Srikakulam district.",https://timesofindia.indiatimes.com/city/visakhapatnam/andhra-pradesh-two-youngsters-killed-in-separate-road-accidents/articleshow/95673365.cms
53,Chittoor man dies in Oz car accident,"A 27-year-old man, Sai Rohit Paladugu from Polakala Yellampally village in Chittoor district, died on the spot in a car crash while travelling on Goulbourn Valley highway. He reportedly lost control over the vehicle and rammed into a tree.",https://timesofindia.indiatimes.com/city/vijayawada/chittoor-man-dies-in-oz-car-accident/articleshow/95463331.cms
54,AP: Father-son doctor duo killed in Road accident near Srikakulam,"A man and his son were killed, his wife and daughter suffered severe injuries when their car hit sidewall of a bridge on the NH-16 near Peddinaidupeta village under Nandigam Mandal in Srikakulam district on Monday early morning.",https://timesofindia.indiatimes.com/city/visakhapatnam/ap-father-son-doctor-duo-killed-in-road-accident-in-srikakulam/articleshow/95500870.cms
55,Andhra Pradesh: Death toll rises to 7 in Planadu road mishap,At least six people were killed and 10 others suffered injuries when a Tata Ace vehicle rammed into a lorry in Andhra Pradesh’s Planadu district late on Sunday night.,https://timesofindia.indiatimes.com/city/vijayawada/andhra-pradesh-6-killed-10-injured-as-vehicle-rams-into-lorry-in-planadu/articleshow/91878143.cms
56,Visakhapatnam: Teen killed in Road accident,"A 17-year-old youngster was killed when he fell off his bike after hitting a bus and later came under the wheels of another vehicle near RTC complex in Vizag city. The deceased was identified as Gavara Deepak Kumar, a first-year intermediate student and a resident of Kancharapalem .",https://timesofindia.indiatimes.com/city/visakhapatnam/teen-killed-in-road-accident/articleshow/92689466.cms
57,Vijayawada: Pedestrian dies in Road accident,"A man died and 20 people were injured in an accident at Pusalapadu of Prakasam district on Thursday after a bus, going from Ananthapur to Vijayawada, collided with a lorry. According to police, the deceased was identified as Janga Sambashivudu (79).",https://timesofindia.indiatimes.com/city/vijayawada/pedestrian-dies-in-road-accident/articleshow/92586205.cms
58,Andhra Pradesh: Two die in Road accident at Jupudi,"Two friends died in a Road accident at Jupudi village of Ibrahimpatnam mandal on Vijayawada-Hyderabad National Highway.According to the police, Sheik Basha (16) and Chinnam Prashanth (17), a second-year intermediate student of Jupudi village, were childhood friends.",https://timesofindia.indiatimes.com/city/vijayawada/two-die-in-road-accident-at-jupudi/articleshow/93670291.cms
59,Andhra Pradesh: Over 20 injured in bus accident in Srikakulam,Over 20 people suffered injuries when a private bus in which they were travelling hit a culvert and plunged into a roadside canal near Peddatamarapalle in Srikakulam district in the wee hours of Monday.,https://timesofindia.indiatimes.com/city/visakhapatnam/andhra-pradesh-over-20-injured-in-bus-accident-in-srikakulam/articleshow/92330675.cms
60,"Andhra Pradesh: Woman, son killed in Road accident",A woman and her son were killed in a Road accident when their bike was hit by a lorry near Duddupalem area under Chodavaram police station limits in Anakapalle district.,https://timesofindia.indiatimes.com/city/visakhapatnam/woman-son-killed-in-road-accident/articleshow/93532842.cms
61,Five of family killed in Andhra Pradesh Road accident,Five members of a family died in a Road accident on the Amaravati-Anantapur National Highway near Kambham in Prakasam district in the early hours of Monday.,https://timesofindia.indiatimes.com/city/vijayawada/5-of-family-killed-in-ap-road-accident/articleshow/93442872.cms
62,Andhra Pradesh: 3 killed in Road accident in West Godavari,Three women were killed in a Road accident at Valluru under Ganapavaram mandal in Eluru district. Another two persons were severely injured in the accident.,https://timesofindia.indiatimes.com/city/visakhapatnam/andhra-pradesh-3-killed-in-road-accident-in-west-godavari/articleshow/93716237.cms
63,Dy tahsildar dies in Road accident,The deputy tahsildar of Srikakulam rural was killed and five others injured when their car hit the divider at a flyover near Sanakram Bridge in Anakapalli district in the early hours of Friday.,https://timesofindia.indiatimes.com/city/visakhapatnam/dy-tahsildar-dies-in-road-accident/articleshow/91697604.cms
64,2 killed in 2 Road accidents,"Two persons were killed in two separate Road accidents in Vizag on Friday. In the first incident, a 17-year-old student was killed after he was hit by a bus while crossing the road near Butchiraju Palem under airport police station limits.",https://timesofindia.indiatimes.com/city/visakhapatnam/2-killed-in-2-road-accidents/articleshow/91551971.cms
65,Retd principal dies in Road accident,"A person died in a Road accident after his two-wheeler rammed into a municipal corporation vehicle in Vijayawada on Saturday. The deceased is G Devala Rao (58), retired principal of KVSR Siddhartha College of Pharmaceutical Sciences.",https://timesofindia.indiatimes.com/city/vijayawada/retd-principal-dies-in-road-accident/articleshow/91222880.cms
66,MPP prez dies in Road accident,A mandal praja parishad president from Telaprolu village in Unguturu mandal of Krishna district was killed in a Road accident on Tuesday night.,https://timesofindia.indiatimes.com/city/vijayawada/mpp-prez-dies-in-road-accident/articleshow/90695014.cms
67,Six killed in separate Road accidents in Andhra Pradesh,"Six persons were killed in separate Road accidents in Anakapalli district on Friday. While three people were killed near Subbarayudupalem village in Narsipatnam when the car they were travelling in turned turtle after hitting a tree, two others died at Nakkapalli after the their minivan rammed into a stationary lorry.",https://timesofindia.indiatimes.com/city/visakhapatnam/six-killed-in-separate-road-accidents-in-andhra-pradesh/articleshow/91845040.cms
68,"One dead, 11 hurt in Road accident",A man died and 11 others sustained injuries after a private travels bus rammed into a stationary lorry at Dachepalli in Palnadu district in the wee hours of Sunday. The bus was heading to Kanigiri in Prakasam district from Hyderabad. Speeding is suspected to be the cause of the accident.,https://timesofindia.indiatimes.com/city/vijayawada/one-dead-11-hurt-in-road-accident/articleshow/91059040.cms
69,Speeding behind 70% accident deaths in Andhra Pradesh,"Conventional wisdom has it that 'speed thrills, but kills'. However, people in Andhra Pradesh seem to forget this when in the driving seat. A total of 29,285 people were killed on roads in five years (2016-2020) due to exceeding speed limit on the roads in state.",https://timesofindia.indiatimes.com/city/visakhapatnam/speeding-behind-70-accident-deaths-in-andhra-pradesh/articleshow/92116390.cms
70,"Five dead, two injured in two separate Road accidents in north Andhra Pradesh","Five persons were killed, and two others suffered severe injuries in two separate Road accidents in north Andhra Pradesh on Thursday.",https://timesofindia.indiatimes.com/city/visakhapatnam/five-dead-two-injured-in-two-separate-road-accidents-in-north-andhra-pradesh/articleshow/93783031.cms
71,"Palanadu: 7 killed, 18 hurt as mini-truck rams into parked lorry","Seven people were killed and 18 others injured when the mini-truck they were travelling in collided with a parked lorry in Andhra Pradesh's Palnadu district around midnight on Sunday. While four persons died on the spot, three others died on their way to hospital.",https://timesofindia.indiatimes.com/city/vijayawada/palanadu-7-killed-18-hurt-as-mini-truck-rams-into-parked-lorry/articleshow/91901853.cms
72,Five killed in two Road accidents in Andhra Pradesh districts,Five persons were killed in two separate Road accidents in Kadapa and Annamayya districts on Sunday.,https://timesofindia.indiatimes.com/city/vijayawada/five-killed-in-two-road-accidents-in-andhra-pradesh-districts/articleshow/91731904.cms
73,Andra Pradesh: Two sisters killed in Road accident in Vizag city,"Two women were killed in a Road accident when a speeding lorry hit their scooty on NH-16 near Nathayyapalem under Gajuwaka police station limits in Vizag city on Monday evening. The deceased are J Sravana Lakshmi (30) and P Santhoshi (26), sisters and residents of Parawada.",https://timesofindia.indiatimes.com/city/visakhapatnam/two-sisters-killed-in-road-accident/articleshow/92193396.cms
74,"2 dead, 1 injured in Road accident",Two persons were killed while a third suffered injuries in a Road accident after their vehicle hit a lorry from behind on NH-16 near Yelamanchali in Visakhapatnam district. Police said the victims are from Gopalapatnam village under Payakaraopeta mandal.,https://timesofindia.indiatimes.com/city/visakhapatnam/2-dead-1-injured-in-road-accident/articleshow/90039433.cms
75,8 killed in separate Road accidents in AP's Anantapur district,"Eight people including six women farm labour were killed in two separate Road accidents in Anantapur district on Friday. While six people were killed in one accident involving an autorickshaw and a lorry, two others died when a car mowed down two pedestrians.",https://timesofindia.indiatimes.com/city/vijayawada/8-killed-in-separate-road-accidents-in-aps-anantapur-district/articleshow/87546812.cms
76,Andhra Pradesh: 3 killed in Road accident in Prakasam,"Three persons were killed and 10 others injured in a Road accident near Kottapalli in Prakasam district on Thursday.According to police, a group of labourers from Mogullapalli was on their way back to their village, Boyalapalli, in an autorickshaw after working in a red chilli farm.",https://timesofindia.indiatimes.com/city/vijayawada/3-killed-in-road-accident-in-prakasam/articleshow/90429512.cms
77,"1 dead, 1 hurt in Road accident",vijayawada a man died and another was injured after the twowheeler they were riding was by hit by a speeding car on prakasam barrage in vijayawada late on sunday the impact of the accident caused one of them to fall into the krishna river and drown the deceased was identified as sheik abdul khadir a resident of panja road according to police a father and drown the deceased was also...,https://timesofindia.indiatimes.com/city/vijayawada/1-dead-1-hurt-in-road-accident/articleshow/89258549.cms
78,"Andhra Pradesh: 8 dead, 45 injured as bus plunges into gorge near Tirupati",Eight people were killed and 45 others suffered injuries when a speeding bus plunged into a gorge on the Bhakrapet ghat road near Tirupati on Saturday.,https://timesofindia.indiatimes.com/city/vijayawada/andhra-pradesh-7-dead-45-injured-as-bus-plunges-into-gorge-near-tirupati/articleshow/90470646.cms
79,12-year-old dies in Road accident,A 12-year-old boy was killed after he was hit by a speeding vehicle at Badangi in Vizianagaram district. The deceased was identified as O Aryavardhan (12). Police said the incident took placewhen the boy was crossing the road to reach home from a tuition centre.,https://timesofindia.indiatimes.com/city/visakhapatnam/12-year-old-dies-in-road-accident/articleshow/89212704.cms
80,"Man dies, AR cop injured in Road accident","A man died and another suffered injuries when the two-wheelers they were travelling on collided head-on. The deceased was identified as Sanjay Kumar (56), a resident of Machavaram in Vijayawada. The injured was identified as Ranganna, an Armed Reserve constable in Guntur district.",https://timesofindia.indiatimes.com/city/vijayawada/man-dies-ar-cop-injured-in-road-accident/articleshow/90039487.cms
81,Andhra Pradesh: Five killed as car hits culvert in Krishna district,"Five of a family, including a six-month-old baby, died after the car in which they were travelling hit a culvert near Jaggaiahpet in Krishna district on Sunday morning.",https://timesofindia.indiatimes.com/city/vijayawada/andhra-pradesh-five-killed-as-car-hits-culvert-in-krishna-district/articleshow/90182529.cms
82,Andhra Pradesh: Five killed in separate Road accidents in Vizag district,"In another incident, a man died on the spot while his wife suffered injuries after their bike skidded off on the road near NTPC area under Parawada Mandal in the district.",https://timesofindia.indiatimes.com/city/visakhapatnam/andhra-pradesh-five-killed-in-separate-road-accidents-in-vizag-district/articleshow/90615795.cms
83,"Andhra Pradesh: 1 dead, 10 hurt in Road accident in NTR district",One person died and 10 persons were injured when the private travels bus they were travelling in collided with a lorry at Nawabpeta in Penuganchiprolu mandal in NTR district. The incident happened when the bus was overtaking the lorry. The driver died on the spot.,https://timesofindia.indiatimes.com/city/vijayawada/1-dead-10-hurt-in-road-accident/articleshow/91136161.cms
84,Three Town CI killed in Road accident,,https://timesofindia.indiatimes.com/city/vijayawada/three-town-ci-killed-in-road-accident/articleshow/87917864.cms
85,Newly-wed woman dies in Road accident,,https://timesofindia.indiatimes.com/city/visakhapatnam/newly-wed-woman-dies-in-road-accident/articleshow/87690189.cms
86,"Andhra Pradesh: 2 killed, 3 hurt in Road accident near Tirupati",Two persons were killed while three others sustained injuries in a Road accident near Tirupati on Thursday.,https://timesofindia.indiatimes.com/city/vijayawada/2-killed-3-hurt-in-road-accident-near-tirupati/articleshow/88599172.cms
87,"Fatalities in Road accidents up in Vizag city, rural, Vizianagaram","Despite best efforts by the police to make roads safe, fatalities in Road accidents increased in Vizag city, Vizag rural and Vizianagaram district in 2021.",https://timesofindia.indiatimes.com/city/vijayawada/fatalities-in-road-accidents-up-in-vizag-city-rural-vzm/articleshow/88599110.cms
88,22 injured after tractor overturns in Visakhapatnam,At least 22 people suffered injuries on Friday morning when the tractor in which they were traveling overturned in Visakhapatnam.,https://timesofindia.indiatimes.com/city/visakhapatnam/22-injured-after-tractor-overturns-in-visakhapatnam/articleshow/88200487.cms
89,"Andhra Pradesh: 4 killed, 5 injured as jeep rams into auto in Anantapur","Four people were killed while five others sustained injuries after a speeding jeep rammed into an auto in Anantapur district on Monday, said local police.",https://timesofindia.indiatimes.com/city/vijayawada/andhra-pradesh-4-killed-5-injured-as-jeep-rams-into-auto-in-anantapur/articleshow/88119573.cms
90,2 dead as two-wheelers ram each other in AP's Guntur village,Two persons died on the spot after their two-wheelers rammed against each other at Visadala village of Medikonduru mandal in Guntur district on Tuesday night,https://timesofindia.indiatimes.com/city/vijayawada/2-dead-as-two-wheelers-ram-each-other-in-guntur-village/articleshow/88037131.cms
91,Five including 6-month-old baby die in Andhra Pradesh Road accident,Five of a family from Hyderabad including a six-month-old baby died in a ghastly Road accident after the car they were travelling in rammed into a culvert near Jaggaiahpet in Krishna district on Sunday morning.,https://timesofindia.indiatimes.com/city/vijayawada/five-including-6-mth-old-baby-die-in-andhra-road-accident/articleshow/90190833.cms
92,Visakhapatnam: Two youth killed in Road accident,"Visakhapatnam, accident, Sriharipuram, Anandapuram, Gajuwaka police",https://timesofindia.indiatimes.com/city/visakhapatnam/visakhapatnam-two-youth-killed-in-road-accident/articleshow/85631832.cms
93,Andhra Pradesh: Seven killed in separate Road accidents in Anantapur,Seven people were killed in separate Road accidents in Anantapur district on Friday.,https://timesofindia.indiatimes.com/city/vijayawada/andhra-pradesh-seven-killed-in-separate-road-accidents-in-anantapur/articleshow/87533934.cms
94,Three killed in Road accident in Visakhapatnam,Three people were killed after their bike hit a road side tree near PP Agraharam village under Makavarapalem Mandal in Visakhapatnam district on Saturday night.,https://timesofindia.indiatimes.com/city/visakhapatnam/three-killed-in-road-accident-in-visakhapatnam/articleshow/81614889.cms
95,Three teens die in Road accident,,https://timesofindia.indiatimes.com/city/visakhapatnam/three-teens-die-in-road-accident/articleshow/81619776.cms
96,Andhra Pradesh: Four cops killed in Road accident in Srikakulam,"Four police personnel of the Armed Reserve wing, including a sub-inspector, were killed in a Road accident when their vehicle hit a lorry on NH-16, near Summadevi Peta under Palasa mandal in Srikakulam district, on Monday afternoon.",https://timesofindia.indiatimes.com/city/visakhapatnam/4-cops-killed-in-road-accident/articleshow/85573257.cms
97,Andhra Pradesh: Fatal Road accidents in Prakasam district drop by 50%,"Road accidents in Prakasam district came down by 25 per cent and fatal Road accidents by 50 per cent in September. Police say the recent reforms, brought in with a view to reducing accidents, have yielded good results.",https://timesofindia.indiatimes.com/city/vijayawada/fatal-road-accidents-in-prakasam-dist-drop-by-50/articleshow/86738546.cms
98,"Andhra Pradesh: 1 killed, 9 injured as 2 lorries collide in West Godavari district",A labourer was killed and nine others were injured after a lorry ferrying them collided with a container lorry early on Wednesday. The accident took place at Duddukuru village in West Godavari district in the early morning of Wednesday.,https://timesofindia.indiatimes.com/city/visakhapatnam/andhra-pradesh-1-killed-9-injured-as-2-lorries-collide-in-west-godavari-district/articleshow/81546531.cms
99,"Andhra Pradesh: 1 dead, 2 injured in Road accident",A 35-year-old man died on the spot while two of his friends suffered injuries after their bike rammed into a ditch while trying to avoid an oncoming truck at Kondaparva village of Vissannapet mandal in Krishna district on Wednesday.,https://timesofindia.indiatimes.com/city/vijayawada/andhra-pradesh-1-dead-2-injured-in-road-accident/articleshow/84629734.cms
100,Eight people killed in Road accident in Visakhapatnam,"At least eight people were killed and 15 others, including six children injured when a bus plunged into a valley on the Araku Ghat Road on Friday.",https://timesofindia.indiatimes.com/city/visakhapatnam/eight-people-killed-in-road-accident-in-visakhapatnam/articleshow/80884769.cms
101,Andhra Pradesh: Four police personnel die in Road accident in Srikakulam,"Four police personnel, including a sub-inspector and three police constables of armed reserve wing died in a Road accident after the vehicle they were travelling in hit a lorry near Summadevipeta village under Palasa Mandal on NH-16 in Srikakulam district on Monday.",https://timesofindia.indiatimes.com/city/visakhapatnam/andhra-pradesh-four-police-personnel-died-in-a-road-accident-in-srikakulam/articleshow/85559225.cms
102,Andhra Pradesh: Father-son duo killed in Road accident in Chittoor,A 38-year-old father and his 10 year old son were killed in a Road accident reported near Kalakada mandal in Chittoor district late on Thursday night.,https://timesofindia.indiatimes.com/city/vijayawada/andhra-pradesh-father-son-duo-killed-in-road-accident-in-chittoor/articleshow/85530341.cms
103,"Andhra Pradesh: One dead, 17 injured after auto turns turtle in Anantapur district",A 35-year-old woman died on the spot while 17 others sustained injuries after a share-auto they were travelling in turned turtle along the national highway near Guntakal in Anantapur district in the early hours on Sunday.,https://timesofindia.indiatimes.com/city/vijayawada/andhra-pradesh-one-dead-17-injured-after-auto-turns-turtle-in-anantapur-district/articleshow/80311726.cms
104,Three women die in Road accident,Three women of a family died in a Road accident after the autorickshaw they were travelling in was hit by a bus at Muddanur mandal in Kadapa district on Tuesday.,https://timesofindia.indiatimes.com/city/vijayawada/three-women-die-in-road-accident/articleshow/80238149.cms
105,Andhra Pradesh: Two motorists killed in Road accident in Chittoor district,Two motorists were killed on the spot after a speeding car rammed into their bike at Kurabalakota mandal in Andhra Pradesh's Chittoor district on Monday morning.,https://timesofindia.indiatimes.com/city/vijayawada/andhra-pradesh-two-motorists-killed-in-road-accident-in-chittoor-district/articleshow/83105823.cms
106,"Four killed, three hurt in Nellore Road accident",,https://timesofindia.indiatimes.com/city/vijayawada/four-killed-three-hurt-in-nellore-road-accident/articleshow/81657493.cms
107,Andhra Pradesh: Seven dead after vehicle falls into gorge in East Godavari,"In a tragic accident, seven persons of a marriage party, including two women and two children, were killed on Friday as the van in which they were travelling plunged from ghat road into 10-feet deep gorge at Venkateswara Swamy temple in Thantikonda village of Gokavaram mandal in East Godavari district.",https://timesofindia.indiatimes.com/city/visakhapatnam/andhra-pradesh-seven-dead-after-vehicle-falls-into-gorge-in-east-godavari/articleshow/78946289.cms
108,"Nearly 8,000 lives lost in Road accidents in AP last year: Report","Nearly 70% of all Road accident fatalities in Andhra Pradesh are due to over-speeding, according to the latest report on Road accidents compiled by the Union ministry of road transport and highways.",https://timesofindia.indiatimes.com/city/visakhapatnam/nearly-8k-lives-lost-in-road-accidents-last-year-report/articleshow/78879040.cms
109,"Andhra Pradesh: 3 killed, 17 injured in Road accident in Vizianagaram",Three persons were killed and at least 17 passengers were injured when two RTC buses collided and a gas cylinders laden lorry hit one of the buses at Sunkaripeta on the Visakhapatnam-Vizianagaram road in Vizianagaram district on Monday.,https://timesofindia.indiatimes.com/city/visakhapatnam/andhra-pradesh-3-killed-and-17-injured-in-accident-in-vizianagaram/articleshow/81742418.cms
110,Visakhapatnam: Two killed in Road accident,,https://timesofindia.indiatimes.com/city/visakhapatnam/visakhapatnam-two-killed-in-road-accident/articleshow/78603256.cms
111,"One killed, four injured in road mishap in Visakhapatnam",One person was killed and four others suffered injuries after a lorry and a tractor collided on highway in Parawada on the outskirts of Visakhapatnam early on Saturday morning.,https://timesofindia.indiatimes.com/city/visakhapatnam/one-killed-four-injured-in-road-mishap-in-visakhapatnam/articleshow/81601261.cms
112,"Father, daughter die in Road accident",,https://timesofindia.indiatimes.com/city/vijayawada/father-daughter-die-in-road-accident/articleshow/78339865.cms
113,"West Godavari: Two killed, 18 hurt in Road accident in Jangareddigudem","Collision between a lorry and a parked tractor resulted in the deaths of two persons and injuries to 18 others in West Godavari’s Jangareddigudem in the early hours of Sunday. Of the injured, the condition of two is said to be critical.",https://timesofindia.indiatimes.com/city/visakhapatnam/2-killed-18-hurt-in-road-accident/articleshow/81380507.cms
114,"One dead, 15 hurt in Road accident",,https://timesofindia.indiatimes.com/city/visakhapatnam/one-dead-15-hurt-in-road-accident/articleshow/79395626.cms
115,Two youths die in Road accident,,https://timesofindia.indiatimes.com/city/visakhapatnam/two-youths-die-in-road-accident/articleshow/78093909.cms
116,Andhra Pradesh: Three killed in a Road accident near Gooty in Anantapur district,"According to Gooty police a speeding truck laden with tomato load which came in the wrong direction rammed into a sports utility vehicle in a heads on collision on the national highway no.44 near Gooty in the early hours on Monday, leaving three persons dead on the spot before help could arrive.",https://timesofindia.indiatimes.com/city/vijayawada/andhra-pradesh-three-killed-in-a-road-accident-near-gooty-in-anantapur-district/articleshow/84973674.cms
117,"Andhra Pradesh: 14 killed, 4 injured in Road accident in Kurnool district",Fourteen people were killed and four others sustained injuries in a Road accident reported along the National Highway 44 near Madapuram village in Krishnagiri mandal of Kurnool district on Sunday early morning.,https://timesofindia.indiatimes.com/city/vijayawada/andhra-pradesh-14-killed-4-injured-in-road-accident-in-kurnool-district/articleshow/80904095.cms
118,Andhra Pradesh saw sharp 17% dip in Road accident fatalities last year,"As a result of the pandemic and the consequent lockdown, Andhra Pradesh witnessed a steep decline of 17% in Road accident fatalities and a 30% drop in fatal accidents in 2020 compared to the year before. When it comes to overall s, the state saw a 16% dip in 2020, the steepest fall in a decade. Compared to 2019, 2020 saw 1,083 fewer deaths as a result of s.",https://timesofindia.indiatimes.com/city/vijayawada/ap-saw-sharp-17-dip-in-road-accident-fatalities-last-year/articleshow/80469849.cms
119,"Mom, two kids killed in Road accident",,https://timesofindia.indiatimes.com/city/vijayawada/mom-two-kids-killed-in-road-accident/articleshow/78321438.cms
120,"Two killed, 8 hurt in Ongole Road accident",,https://timesofindia.indiatimes.com/city/vijayawada/two-killed-8-hurt-in-ongole-road-accident/articleshow/79356358.cms
121,3 govt staff die in Road accident,,https://timesofindia.indiatimes.com/city/visakhapatnam/3-govt-staff-die-in-road-accident/articleshow/78113316.cms
122,"Two killed, three injured in Road accident in Visakhapatnam",Two construction workers were killed and three others were injured in a Road accident on Yarada hill road in late night of Wednesday in Visakhapatnam.,https://timesofindia.indiatimes.com/city/visakhapatnam/two-killed-three-injured-in-road-accident-in-visakhapatnam/articleshow/79184738.cms
123,5 killed in Road accident,,https://timesofindia.indiatimes.com/city/vijayawada/5-killed-in-road-accident/articleshow/74738379.cms
124,Andhra Pradesh witnesses 26% drop in Road accidents,"Owing to the Covid-19 lockdown, there has been a substantial decrease by 26% in road mishaps in the state this year compared to last year. According to the latest police data, between January to September this year, the state saw 11,998 road mishaps which is a five-year low.",https://timesofindia.indiatimes.com/city/vijayawada/state-witnesses-26-drop-in-road-accidents/articleshow/78850333.cms
125,"AP: Over 15,000 Road accidents in 2019 caused by valid licence holders",,https://timesofindia.indiatimes.com/city/visakhapatnam/over-15000-road-accidents-in-19-caused-by-valid-licence-holders/articleshow/78918042.cms
126,Two dead in collision between bike & tractor,,https://timesofindia.indiatimes.com/city/vijayawada/two-dead-in-collision-between-bike-tractor/articleshow/78737030.cms
127,Andhra Pradesh: Cop killed in Road accident,A police constable working at the Tirumala II town police station was killed in a Road accident near Chandragiri highway. The deceased was identified as A Jayachandra (45).,https://timesofindia.indiatimes.com/city/vijayawada/andhra-pradesh-cop-killed-in-road-accident/articleshow/76137956.cms
128,"Car rams truck, three dead",,https://timesofindia.indiatimes.com/city/vijayawada/car-rams-truck-three-dead/articleshow/78133827.cms
129,Army jawan dies in accident,,https://timesofindia.indiatimes.com/city/vijayawada/army-jawan-dies-in-accident/articleshow/78066291.cms
130,Woman constable dies in road mishap,,https://timesofindia.indiatimes.com/city/vijayawada/woman-constable-dies-in-road-mishap/articleshow/77492219.cms
131,Eight students hurt in Road accident,,https://timesofindia.indiatimes.com/city/vijayawada/eight-students-hurt-in-road-accident/articleshow/73112703.cms
132,Andhra Pradesh: Three killed in Road accident in Srikakulam district,"In a tragic incident on Sunday morning, three persons died and three others were injured in a Road accident near Jalantrakota village under Kanchili Mandal in Srikakulam district. The deceased and the injured persons were coming from Kharagpur in West Bengal to attend the cremation of a relative, who died in the devastating crane accident at the Hindustan Shipyard Limited in Visakhapatnam on Saturday, in which 11 persons were killed.",https://timesofindia.indiatimes.com/city/visakhapatnam/andhra-pradesh-three-killed-in-road-accident-in-srikakulam-district/articleshow/77314526.cms
133,Three from T killed in Road accident,,https://timesofindia.indiatimes.com/city/vijayawada/three-from-t-killed-in-road-accident/articleshow/72407009.cms
134,Four youths die in car mishap in Krishna district,,https://timesofindia.indiatimes.com/city/vijayawada/four-youths-die-in-car-mishap-in-krishna-district/articleshow/72388703.cms
135,Andhra Pradesh: 12 Telangana pilgrims killed in tractor mishap,"At least 10 people were killed and as many injured when the tractor trailer they were travelling in collided head-on with a lorry near Vedadri in Krishna district of Andhra Pradesh on Wednesday, police said.",https://timesofindia.indiatimes.com/city/vijayawada/andhra-pradesh-12-telangana-pilgrims-killed-in-tractor-mishap/articleshow/76425767.cms
136,"Andhra Pradesh: 3 dead, 7 injured in Road accident in Anantapur",Three people died while 7 were injured in a Road accident which took place on the national highway near Anantapur town on Thursday.,https://timesofindia.indiatimes.com/city/vijayawada/andhra-pradesh-3-dead-7-injured-in-road-accident-in-anantapur/articleshow/78044958.cms
137,Andhra Pradesh: Mom-son duo killed in Road accident at NH-45 near Nandyal town,,https://timesofindia.indiatimes.com/city/vijayawada/andhra-pradesh-mom-son-duo-killed-in-road-accident-at-nh-45-near-nandyal-town/articleshow/81673816.cms
138,4 Tamil Nadu devotees killed in Road accident near Nagari,"Four devotees from Tamil Nadu, all from the same family, lost their lives on the spot in a Road accident while returning from Tirumala near the AP-TN border, in the late hours of Tuesday. While, two other from the same family sustained severe injuries.",https://timesofindia.indiatimes.com/city/vijayawada/4-tn-devotees-killed-in-road-accident-near-nagari/articleshow/70369445.cms
139,Andhra Pradesh: Four killed in Road accident,,https://timesofindia.indiatimes.com/city/vijayawada/four-killed-in-road-accident/articleshow/72481042.cms
140,Family of 5 charred to death in Palamaner Road accident,"A family of five, including three children, was charred to death in a Road accident (pic right) near Palamaner in Chittoor district on Saturday morning. The victims, Jhahnavi (30), Pavan Ram (13), Sai Arshitha (10), Kalavathi (28) and Bhanu Teja (7), hailed from Tirupati. The lone survivor from the mishap, 40-year-old Manda Vishnu, is an employee of the Tirumala Tirupati Devasthanams (TTD). He is battling for life at the SVRR hospital in Tirupati with about 60 per cent burns.",https://timesofindia.indiatimes.com/city/vijayawada/family-of-5-charred-to-death-in-palamaner-road-accident/articleshow/71130885.cms
141,Three killed in Road accident in Andhra Pradesh's West Godavari,Three people were killed in a Road accident that took place near Alampuram village in Pentapadu mandal of Andhra Pradesh's West Godavari district.,https://timesofindia.indiatimes.com/city/visakhapatnam/three-killed-in-road-accident-in-andhra-pradeshs-west-godavari/articleshow/75221328.cms
142,"Two killed, one seriously injured in Road accident",,https://timesofindia.indiatimes.com/city/vijayawada/two-killed-one-seriously-injured-in-road-accident/articleshow/73815775.cms
143,Andhra Pradesh: One killed and one injured in a Road accident near Tirupati,"In a tragic incident, a youngster was killed and his friend sustained severe injuries when a lorry hit their motorcycle from behind and ran over them near Thummalagunta on Naidupeta-Puthalapattu highway, on the outskirts of Tirupati on Wednesday.",https://timesofindia.indiatimes.com/city/vijayawada/andhra-pradesh-one-killed-and-one-injured-in-a-road-accident-near-tirupati/articleshow/78411700.cms
144,"Road accidents down in Andhra Pradesh, but increase in Vijayawada","While Road accidents across the country remained more or less same in 2018 as compared to 2017, Andhra Pradesh is among the only states which recorded a declining trend in the total number of accidents.",https://timesofindia.indiatimes.com/city/vijayawada/road-accidents-down-in-state-but-increase-in-city/articleshow/73195820.cms
145,"Visakhapatnam: Two dead, 10 injured in Road accident",,https://timesofindia.indiatimes.com/city/visakhapatnam/visakhapatnam-two-dead-10-injured-in-road-accident/articleshow/72922244.cms
146,Four TN based RS woodcutters charred to death in a Road accident near Kadapa,Four inmates were burnt alive when the SUV in which they were travelling rammed into a tipper near the Kadapa airport in the early hours on Monday.,https://timesofindia.indiatimes.com/city/vijayawada/four-tn-based-rs-woodcutters-charred-to-death-in-a-road-accident-near-kadapa/articleshow/78993358.cms
147,"Andhra Pradesh: Three killed, one injured in Road accident in Chittoor","Three persons were killed on the spot, while one sustained grievous injuries in a gory Road accident in Chittoor district on Saturday.",https://timesofindia.indiatimes.com/city/vijayawada/andhra-pradesh-three-killed-one-injured-in-road-accident-in-chittoor/articleshow/75649154.cms
148,"Speed breakers, barricades bring down Road accidents",,https://timesofindia.indiatimes.com/city/visakhapatnam/speed-breakers-barricades-bring-down-road-accidents/articleshow/72497620.cms
149,"5, including 4 of a family, killed in Road accident",,https://timesofindia.indiatimes.com/city/visakhapatnam/5-including-4-of-a-family-killed-in-road-accident/articleshow/73103138.cms
150,"SUV rams into divider, two dead",,https://timesofindia.indiatimes.com/city/visakhapatnam/suv-rams-into-divider-two-dead/articleshow/73091300.cms
151,"Andhra Pradesh: Three dead, 15 injured in tractor mishap",Two women and a seven-year-old kid died on the spot while 15 others suffered injuries after an over-crowded tractor lost control near Modalapalli village under Tavanapalli mandal in Chittoor district on Wednesday.,https://timesofindia.indiatimes.com/city/vijayawada/andhra-pradesh-three-dead-15-injured-in-tractor-mishap/articleshow/73061427.cms
152,"Stray cattle plague VZM roads, 228 dead in mishaps",,https://timesofindia.indiatimes.com/city/visakhapatnam/stray-cattle-plague-vzm-roads-228-dead-in-mishaps/articleshow/72781444.cms
153,Andhra Pradesh: Four killed in Kadapa road mishap,Four persons were killed while four others sustained injuries in a Road accident involving a truck and an SUV near Bandapalle in Ramapuram Mandal of Andhra Pradesh's Kadapa district on Wednesday.,https://timesofindia.indiatimes.com/city/vijayawada/andhra-pradesh-four-killed-in-kadapa-road-mishap/articleshow/72477912.cms
154,"Andhra Pradesh: Woman, baby killed in Road accident at Chandragiri",A 32-year-old woman and her 13-month-old daughter were killed after the bike she was riding pillion was hit by a speeding tractor near Chandragiri in Chittoor district on Sunday.,https://timesofindia.indiatimes.com/city/vijayawada/andhra-pradesh-woman-baby-killed-in-road-accident-at-chandragiri/articleshow/72928637.cms
155,"Visakhapatnam: Two dead, 3 injured in bike-auto collision","Two persons died on the spot and three others sustained injuries following collision between an auto-rickshaw, carrying five passengers, and a bike on the outskirts of Bennavaram village on Wednesday.",https://timesofindia.indiatimes.com/city/visakhapatnam/two-dead-3-injured-in-bike-auto-collision/articleshow/71826908.cms
156,Chittoor: 3 killed in separate Road accidents,Three persons including a trainee sub inspector were killed in three separate Road accidents in Chittoor and Kurnool districts on Sunday,https://timesofindia.indiatimes.com/city/vijayawada/3-killed-in-separate-road-accidents/articleshow/69624856.cms
